{
  "Product": [
    {
      "p_name": "Mobile",
      "p_id": "P01",
      "description": "Mobile phone",
      "subCatagory": [
        {
          "s_id": "PS01",
          "company": "Samsung",
          "model": "Samsung Galaxcy M32 (8/128GB)",
          "details": [
            {
              "d_id": "PSD01",
              "model_name": "Samsung Galaxcy M32 (8/128GB)",
              "specification": "5G 12 bands support, Dimensity 720 processor,Knox security, 5000 Amh long lasting battery with in-box fast charger",
              "price": "Rs.22000",
              "s_img": "../../images/samsung_mobile.jpg",
              "subDetails": {
                "sd_id": "PSSD01",
                "model_description": "",
                "model_pic": ""
              }
            },
            {
              "d_id": "PSD02",
              "model_name": "Samsung Galaxcy M32 (8/128GB)",
              "specification": "5G 12 bands support, Dimensity 720 processor,Knox security, 5000 Amh long lasting battery with in-box fast charger",
              "price": "Rs.22000",
              "s_img": "../../images/samsung_mobile.jpg"
            },
            {
              "d_id": "PSD03",
              "model_name": "Samsung Galaxcy M32 (8/128GB)",
              "specification": "5G 12 bands support, Dimensity 720 processor,Knox security, 5000 Amh long lasting battery with in-box fast charger",
              "price": "Rs.22000",
              "s_img": "../../images/samsung_mobile.jpg"
            },
            {
              "d_id": "PSD04",
              "model_name": "Samsung Galaxcy M32 (8/128GB)",
              "specification": "5G 12 bands support, Dimensity 720 processor,Knox security, 5000 Amh long lasting battery with in-box fast charger",
              "price": "Rs.22000",
              "s_img": "../../images/samsung_mobile.jpg"
            }
          ]
        },
        {
          "s_id": "PS02",
          "company": "Motorola",
          "details": [
            {
              "d_id": "PSD01",
              "model_name": "Samsung Galaxcy M32",
              "specification": "5G 12 ban support, Dimensity 720 processor,Knox security, 5000 Amh long lasting battery with in-box fast charger",
              "price": "Rs.22000",
              "s_img": "../../images/motorola_mobile.jpg"
            }
          ]
        },
        {
          "s_id": "PS03",
          "company": "Nokia",
          "details": [
            {
              "d_id": "PSD01",
              "model_name": "Samsung Galaxcy M32",
              "specification": "5G 12 ban support, Dimensity 720 processor,Knox security, 5000 Amh long lasting battery with in-box fast charger",
              "price": "Rs.60000",
              "s_img": "../../images/nokia_mobile.jpg"
            }
          ]
        },
        {
          "s_id": "PS04",
          "company": "Realme",
          "details": [
            {
              "d_id": "PSD01",
              "model_name": "Samsung Galaxcy M32",
              "specification": "5G 12 ban support, Dimensity 720 processor,Knox security, 5000 Amh long lasting battery with in-box fast charger",
              "price": "Rs.10000",
              "s_img": "../../images/realme_mobile.jpg"
            }
          ]
        },
        {
          "s_id": "PS05",
          "company": "Vivo",
          "details": [
            {
              "d_id": "PSD01",
              "model_name": "Samsung Galaxcy M32",
              "specification": "5G 12 ban support, Dimensity 720 processor,Knox security, 5000 Amh long lasting battery with in-box fast charger",
              "price": "Rs.60000",
              "s_img": "../../images/vivo_mobile.jpg"
            }
          ]
        }
      ]
    },
    {
      "p_name": "Laptop",
      "p_id": "P02",
      "description": "Windos Laptop",
      "subCatagory": [
        {
          "s_id": "PS01",
          "company": "Dell",
          "details": [
            {
              "d_id": "PSD01",
              "model_name": "Samsung Galaxcy M32",
              "specification": "5G 12 ban support, Dimensity 720 processor,Knox security, 5000 Amh long lasting battery with in-box fast charger",
              "price": "Rs.62000",
              "s_img": " "
            }
          ]
        },
        {
          "s_id": "PS02",
          "company": "Lenovo",
          "details": [
            {
              "d_id": "PSD01",
              "model_name": "Samsung Galaxcy M32",
              "specification": "5G 12 ban support, Dimensity 720 processor,Knox security, 5000 Amh long lasting battery with in-box fast charger",
              "price": "Rs.45000",
              "s_img": "../../images/nokia_mobile.jpg"
            }
          ]
        },
        {
          "s_id": "PS03",
          "company": "Hp",
          "details": [
            {
              "d_id": "PSD01",
              "model_name": "Samsung Galaxcy M32",
              "specification": "5G 12 ban support, Dimensity 720 processor,Knox security, 5000 Amh long lasting battery with in-box fast charger",
              "price": "Rs.60000",
              "s_img": "../../images/nokia_mobile.jpg"
            }
          ]
        },
        {
          "s_id": "PS04",
          "company": "Redmi",
          "details": [
            {
              "d_id": "PSD01",
              "model_name": "Samsung Galaxcy M32",
              "specification": "5G 12 ban support, Dimensity 720 processor,Knox security, 5000 Amh long lasting battery with in-box fast charger",
              "price": "Rs.60000",
              "s_img": "../../images/nokia_mobile.jpg"
            }
          ]
        }
      ]
    },
    {
      "p_name": "Headphones",
      "p_id": "P03",
      "description": "Bluetooth Headphons",
      "subCatagory": [
        {
          "s_id": "PS01",
          "company": "Boat",
          "details": [
            {
              "d_id": "PSD01",
              "model_name": "Samsung Galaxcy M32",
              "specification": "5G 12 ban support, Dimensity 720 processor,Knox security, 5000 Amh long lasting battery with in-box fast charger",
              "price": "Rs. 2000",
              "s_img": "../../images/nokia_mobile.jpg"
            }
          ]
        },
        {
          "s_id": "PS02",
          "company": "JBL",
          "details": [
            {
              "d_id": "PSD01",
              "model_name": "Samsung Galaxcy M32",
              "specification": "5G 12 ban support, Dimensity 720 processor,Knox security, 5000 Amh long lasting battery with in-box fast charger",
              "price": "Rs.6000",
              "s_img": "../../images/nokia_mobile.jpg"
            }
          ]
        },
        {
          "s_id": "PS03",
          "company": "Sony",
          "details": [
            {
              "d_id": "PSD01",
              "model_name": "Samsung Galaxcy M32",
              "specification": "5G 12 ban support, Dimensity 720 processor,Knox security, 5000 Amh long lasting battery with in-box fast charger",
              "price": "Rs.5000",
              "s_img": "../../images/nokia_mobile.jpg"
            }
          ]
        },
        {
          "s_id": "PS04",
          "company": "MIVI",
          "details": [
            {
              "d_id": "PSD01",
              "model_name": "Samsung Galaxcy M32",
              "specification": "5G 12 ban support, Dimensity 720 processor,Knox security, 5000 Amh long lasting battery with in-box fast charger",
              "price": "Rs.899",
              "s_img": "../../images/nokia_mobile.jpg"
            }
          ]
        }
      ]
    },
    {
      "p_name": "TV",
      "p_id": "P04",
      "description": "Smart TV",
      "subCatagory": [
        {
          "s_id": "PS01",
          "company": "Samsung",
          "details": [
            {
              "d_id": "PSD01",
              "model_name": "Samsung Galaxcy M32",
              "specification": "5G 12 ban support, Dimensity 720 processor,Knox security, 5000 Amh long lasting battery with in-box fast charger",
              "price": "Rs.72000",
              "s_img": "../../images/nokia_mobile.jpg"
            }
          ]
        },
        {
          "s_id": "PS02",
          "company": "mi",
          "details": [
            {
              "d_id": "PSD01",
              "model_name": "Samsung Galaxcy M32",
              "specification": "5G 12 ban support, Dimensity 720 processor,Knox security, 5000 Amh long lasting battery with in-box fast charger",
              "price": "Rs.35000",
              "s_img": "../../images/nokia_mobile.jpg"
            }
          ]
        },
        {
          "s_id": "PS03",
          "company": "LG",
          "details": [
            {
              "d_id": "PSD01",
              "model_name": "Samsung Galaxcy M32",
              "specification": "5G 12 ban support, Dimensity 720 processor,Knox security, 5000 Amh long lasting battery with in-box fast charger",
              "price": "Rs.56000",
              "s_img": "../../images/nokia_mobile.jpg"
            }
          ]
        }
      ]
    },
    {
      "p_name": "Power Bank",
      "p_id": "P05",
      "description": "Power bank",
      "subCatagory": [
        {
          "s_id": "PS01",
          "company": "Samsung",
          "details": [
            {
              "d_id": "PSD01",
              "model_name": "Samsung Galaxcy M32",
              "specification": "5G 12 ban support, Dimensity 720 processor,Knox security, 5000 Amh long lasting battery with in-box fast charger",
              "price": "Rs.600",
              "s_img": "../../images/nokia_mobile.jpg"
            }
          ]
        },
        {
          "s_id": "PS02",
          "company": "mi",
          "details": [
            {
              "d_id": "PSD01",
              "model_name": "Samsung Galaxcy M32",
              "specification": "5G 12 ban support, Dimensity 720 processor,Knox security, 5000 Amh long lasting battery with in-box fast charger",
              "price": "Rs.1500",
              "s_img": "../../images/nokia_mobile.jpg"
            }
          ]
        },
        {
          "s_id": "PS03",
          "company": "LG",
          "details": [
            {
              "d_id": "PSD01",
              "model_name": "Samsung Galaxcy M32",
              "specification": "5G 12 ban support, Dimensity 720 processor,Knox security, 5000 Amh long lasting battery with in-box fast charger",
              "price": "Rs.780",
              "s_img": "../../images/nokia_mobile.jpg"
            }
          ]
        }
      ]
    },
    {
      "p_name": "Smart Watch",
      "p_id": "P06",
      "description": "Smart watch",
      "subCatagory": [
        {
          "s_id": "PS01",
          "company": "Samsung",
          "details": [
            {
              "d_id": "PSD01",
              "model_name": "Samsung Galaxcy M32",
              "specification": "5G 12 ban support, Dimensity 720 processor,Knox security, 5000 Amh long lasting battery with in-box fast charger",
              "price": "Rs.2500",
              "s_img": "../../images/nokia_mobile.jpg"
            }
          ]
        },
        {
          "s_id": "PS02",
          "company": "mi",
          "details": [
            {
              "d_id": "PSD01",
              "model_name": "Samsung Galaxcy M32",
              "specification": "5G 12 ban support, Dimensity 720 processor,Knox security, 5000 Amh long lasting battery with in-box fast charger",
              "price": "Rs. 1099",
              "s_img": "../../images/nokia_mobile.jpg"
            }
          ]
        },
        {
          "s_id": "PS03",
          "company": "LG",
          "details": [
            {
              "d_id": "PSD01",
              "model_name": "Samsung Galaxcy M32",
              "specification": "5G 12 ban support, Dimensity 720 processor,Knox security, 5000 Amh long lasting battery with in-box fast charger",
              "price": "Rs. 1899",
              "s_img": "../../images/nokia_mobile.jpg"
            }
          ]
        }
      ]
    }
  ]
}
